{"Money": 0.3808301400131313, "BTC": 0.015758947855737487}