{"Money": 0.6860515353364462, "BTC": 0.015762416997673483}