{"Money": 0.7103659741684396, "BTC": 0.015834435396841588}