{"Money": 210.68798359999997, "BTC": 0.01274254617284767}